{"options":{},"indexes":[{"v":{"$numberInt":"2"},"key":{"_id":{"$numberInt":"1"}},"name":"_id_"},{"v":{"$numberInt":"2"},"key":{"_fts":"text","_ftsx":{"$numberInt":"1"}},"name":"Tittle_Name_text_Description_text_address_line1_text_address_line2_text_city_text_state_text_country_text_landmark_text_Horses_Livestocks_subtype_text","background":true,"weights":{"Description":{"$numberInt":"1"},"Horses_Livestocks_subtype":{"$numberInt":"1"},"Tittle_Name":{"$numberInt":"1"},"address_line1":{"$numberInt":"1"},"address_line2":{"$numberInt":"1"},"city":{"$numberInt":"1"},"country":{"$numberInt":"1"},"landmark":{"$numberInt":"1"},"state":{"$numberInt":"1"}},"default_language":"english","language_override":"language","textIndexVersion":{"$numberInt":"3"}}],"uuid":"2ad0e80877f042d7ade4031a5d0329a1"}