{"options":{},"indexes":[{"v":{"$numberInt":"2"},"key":{"_id":{"$numberInt":"1"}},"name":"_id_"},{"v":{"$numberInt":"2"},"key":{"_fts":"text","_ftsx":{"$numberInt":"1"}},"name":"Tittle_Name_text_Description_text_address_line1_text_address_line2_text_city_text_state_text_country_text_landmark_text_invesment_highlights_text_executive_summary_text_property_subtype_text","background":true,"weights":{"Description":{"$numberInt":"1"},"Tittle_Name":{"$numberInt":"1"},"address_line1":{"$numberInt":"1"},"address_line2":{"$numberInt":"1"},"city":{"$numberInt":"1"},"country":{"$numberInt":"1"},"executive_summary":{"$numberInt":"1"},"invesment_highlights":{"$numberInt":"1"},"landmark":{"$numberInt":"1"},"property_subtype":{"$numberInt":"1"},"state":{"$numberInt":"1"}},"default_language":"english","language_override":"language","textIndexVersion":{"$numberInt":"3"}}],"uuid":"1c29ea817dd74c67b8325eb8c8944e8d"}